{"cameraMode":{"drawMode":0,"name":"Shaded","section":"Shading Mode"},"sceneLighting":true,"audioPlay":false,"sceneViewState":{"showFog":true,"showMaterialUpdate":false,"showSkybox":true,"showFlares":true,"showImageEffects":true,"showParticleSystems":true},"in2DMode":false,"pivot":{"x":-5.451970100402832,"y":-9.843542098999024,"z":-4.016483306884766},"rotation":{"x":-0.32141369581222536,"y":0.6570591330528259,"z":-0.3677986264228821,"w":-0.5741955041885376},"size":30.726682662963868,"orthographic":false}