{"cameraMode":{"drawMode":0,"name":"Shaded","section":"Shading Mode"},"sceneLighting":true,"audioPlay":false,"sceneViewState":{"showFog":true,"showMaterialUpdate":false,"showSkybox":true,"showFlares":true,"showImageEffects":true,"showParticleSystems":true},"in2DMode":false,"pivot":{"x":2.2632646560668947,"y":0.40264618396759035,"z":-4.651498317718506},"rotation":{"x":-0.17213194072246552,"y":0.812359094619751,"z":-0.29635775089263918,"w":-0.4718358516693115},"size":1.8178558349609376,"orthographic":false}